Workbook

Sheet Contoh Data
B1: Contoh Perhitungan IKU Bedah WP per AR
B3: Mr IKU merupakan AR di KPP Madya ABC dengan jumlah WP Strategis yang diampu sebanyak 50 WP. Kanwil menetapkan target pelaksanaan kegiatan bedah WP Strategis tahun 2025 sebanyak 3 kegiatan. Selama tahun 2025, Mr IKU telah melaksanakan Kegiatan Bedah Wajib Pajak dengan data Sebagai Berikut:
B5: No | C5: TANGGAL | D5: NPWP | E5: NAMA WP | F5: TAHUN PAJAK | G5: STATUS SPT | H5: POTENSI TAMBAHAN | I5: PESERTA | M5: SUBKOMPONEN ANALISIS
I6: AR PENGAMPU | J6: KASI WAS PENGAMPU | K6: SPV FPP | L6: 2 PESERTA LAINNYA | M6: ALK | N6: TP | O6: MIRRORING | P6: WP GRUP | Q6: PENILAIAN | R6: DATA EKSTERNAL | S6: DATA VISIT | T6: ALKET
B7: 1 | C7: 45667 | D7: 000000010123000 | E7: ABC | F7: 2021 | G7: NON RTLB | H7: 55000000 | I7: 1 | J7: 1 | K7: 1 | L7: 1 | M7: 1 | N7: 0 | O7: 1 | P7: 0 | Q7: 0 | R7: 0 | S7: 1 | T7: 1
B8: 2 | C8: 45681 | D8: 000000020123000 | E8: DEF | F8: 2022 | G8: NON RTLB | H8: 56100000 | I8: 1 | J8: 1 | K8: 1 | L8: 1 | M8: 1 | N8: 1 | O8: 0 | P8: 0 | Q8: 0 | R8: 0 | S8: 1 | T8: 1
B9: 3 | C9: 45702 | D9: 000000030123000 | E9: GHI | F9: 2020 | G9: RTLB | H9: -56683000 | I9: 1 | J9: 1 | K9: 1 | L9: 1 | M9: 1 | N9: 0 | O9: 0 | P9: 0 | Q9: 0 | R9: 1 | S9: 1 | T9: 1
B10: 4 | C10: 45709 | D10: 000000040123000 | E10: JKL | F10: 2021 | G10: NON RTLB | H10: 57267320 | I10: 1 | J10: 1 | K10: 1 | L10: 1 | M10: 1 | N10: 0 | O10: 1 | P10: 0 | Q10: 0 | R10: 0 | S10: 0 | T10: 0
B11: 5 | C11: 45723 | D11: 000000050123000 | E11: MNO | F11: 2021 | G11: NON RTLB | H11: 57863366 | I11: 1 | J11: 1 | K11: 1 | L11: 1 | M11: 1 | N11: 0 | O11: 0 | P11: 0 | Q11: 0 | R11: 1 | S11: 1 | T11: 1
B12: 6 | C12: 45737 | D12: 000000060123000 | E12: PQR | F12: 2021 | G12: NON RTLB | H12: 58471802 | I12: 1 | J12: 1 | K12: 1 | L12: 1 | M12: 1 | N12: 0 | O12: 0 | P12: 0 | Q12: 0 | R12: 0 | S12: 0 | T12: 1
B13: 7 | C13: 45758 | D13: 000000060123000 | E13: PQR | F13: 2022 | G13: NON RTLB | H13: 59093026 | I13: 1 | J13: 1 | K13: 1 | L13: 1 | M13: 1 | N13: 0 | O13: 0 | P13: 0 | Q13: 0 | R13: 0 | S13: 0 | T13: 1
B14: 8 | C14: 45758 | D14: 000000070123000 | E14: VWX | F14: 2022 | G14: NON RTLB | H14: 59727442 | I14: 1 | J14: 1 | K14: 1 | L14: 1 | M14: 1 | N14: 0 | O14: 0 | P14: 0 | Q14: 0 | R14: 1 | S14: 0 | T14: 1
B15: 9 | C15: 45772 | D15: 000000080123000 | E15: YZA | F15: 2021 | G15: NON RTLB | H15: 60375470 | I15: 1 | J15: 1 | K15: 1 | L15: 1 | M15: 1 | N15: 1 | O15: 1 | P15: 1 | Q15: 1 | R15: 0 | S15: 1 | T15: 0
B16: 10 | C16: 45786 | D16: 000000090123000 | E16: AAA | F16: 2023 | G16: NON RTLB | H16: 61037547 | I16: 1 | J16: 1 | K16: 1 | L16: 1 | M16: 1 | N16: 0 | O16: 0 | P16: 0 | Q16: 0 | R16: 0 | S16: 0 | T16: 1
B17: 11 | C17: 45793 | D17: 000000100123000 | E17: BBB | F17: 2021 | G17: NON RTLB | H17: 61714130 | I17: 1 | J17: 1 | K17: 1 | L17: 1 | M17: 1 | N17: 0 | O17: 0 | P17: 0 | Q17: 0 | R17: 0 | S17: 0 | T17: 1
B18: 12 | C18: 45793 | D18: 000000110123000 | E18: CCC | F18: 2020 | G18: RTLB | H18: -62405696 | I18: 1 | J18: 1 | K18: 1 | L18: 1 | M18: 1 | N18: 0 | O18: 0 | P18: 0 | Q18: 0 | R18: 0 | S18: 1 | T18: 1
... B26: 20 | C26: 45905 | D26: 000000170123000 | E26: STU | F26: 2021 | G26: NON RTLB | H26: 68542168 | I26: 1 | J26: 1 | K26: 1 | L26: 1 | M26: 1 | N26: 0 | O26: 0 | P26: 0 | Q26: 0 | R26: 1 | S26: 0 | T26: 1
B28: Keterangan:
B29: 1 = Ada
B30: 0 = Tidak ada

Sheet A. Komponen Kuantitas
B2: No | C2: TANGGAL | D2: NPWP | E2: NAMA WP | F2: TAHUN PAJAK | G2: STATUS SPT | H2: POTENSI TAMBAHAN | I2: PESERTA | M2: SUBKOMPONEN ANALISIS | U2: Bobot Kegiatan | V2: Validasi Potensi Tambahan | W2: Validasi Status Lengkap | X2: Realisasi Kuantitas
I3: AR PENGAMPU | J3: KASI WAS PENGAMPU | K3: SPV FPP | L3: 2 PESERTA LAINNYA | M3: ALK | N3: TP | O3: MIRRORING | P3: WP GRUP | Q3: PENILAIAN | R3: DATA EKSTERNAL | S3: DATA VISIT | T3: ALKET
B4: 1 | C4: 45667 | D4: 000000010123000 | E4: ABC | F4: 2021 | G4: NON RTLB | H4: 55000000 | I4: 1 | J4: 1 | K4: 1 | L4: 1 | M4: 1 | N4: 0 | O4: 1 | P4: 0 | Q4: 0 | R4: 0 | S4: 1 | T4: 1 | U4: 1 | V4: 1 | W4: =IF((I4+J4+K4+L4+V4)=5,1,0) -> 1 | X4: =U4*W4 -> 1
B5: 2 | C5: 45681 | D5: 000000020123000 | E5: DEF | F5: 2022 | G5: NON RTLB | H5: 46100000 | I5: 1 | J5: 1 | K5: 1 | L5: 1 | M5: 1 | N5: 1 | O5: 0 | P5: 0 | Q5: 0 | R5: 0 | S5: 1 | T5: 1 | U5: 1 | V5: 0 | W5: =IF((I5+J5+K5+L5+V5)=5,1,0) -> 0 | X5: =U5*W5 -> 0
B6: 3 | C6: 45702 | D6: 000000030123000 | E6: GHI | F6: 2020 | G6: RTLB | H6: -56683000 | I6: 1 | J6: 1 | K6: 1 | L6: 1 | M6: 1 | N6: 0 | O6: 0 | P6: 0 | Q6: 0 | R6: 1 | S6: 1 | T6: 1 | U6: 1 | V6: 1 | W6: =IF((I6+J6+K6+L6+V6)=5,1,0) -> 1 | X6: =U6*W6 -> 1
B7: 4 | C7: 45709 | D7: 000000040123000 | E7: JKL | F7: 2021 | G7: NON RTLB | H7: 57267320 | I7: 1 | J7: 1 | K7: 1 | L7: 1 | M7: 1 | N7: 0 | O7: 1 | P7: 0 | Q7: 0 | R7: 0 | S7: 0 | T7: 0 | U7: 1 | V7: 1 | W7: =IF((I7+J7+K7+L7+V7)=5,1,0) -> 1 | X7: =U7*W7 -> 1
B8: 5 | C8: 45723 | D8: 000000050123000 | E8: MNO | F8: 2021 | G8: NON RTLB | H8: 57863366 | I8: 1 | J8: 1 | K8: 1 | L8: 1 | M8: 1 | N8: 0 | O8: 0 | P8: 0 | Q8: 0 | R8: 1 | S8: 1 | T8: 1 | U8: 1 | V8: 1 | W8: =IF((I8+J8+K8+L8+V8)=5,1,0) -> 1 | X8: =U8*W8 -> 1
B9: 6 | C9: 45737 | D9: 000000060123000 | E9: PQR | F9: 2022 | G9: NON RTLB | H9: 58471802 | I9: 1 | J9: 1 | K9: 1 | L9: 1 | M9: 1 | N9: 0 | O9: 0 | P9: 0 | Q9: 0 | R9: 0 | S9: 0 | T9: 1 | U9: 1 | V9: 1 | W9: =IF((I9+J9+K9+L9+V9)=5,1,0) -> 1 | X9: =U9*W9 -> 1
B10: 7 | C10: 45758 | D10: 000000060123000 | E10: PQR | F10: 2022 | G10: NON RTLB | H10: 59093026 | I10: 1 | J10: 1 | K10: 1 | L10: 1 | M10: 1 | N10: 0 | O10: 0 | P10: 0 | Q10: 0 | R10: 0 | S10: 0 | T10: 1 | U10: 0 | V10: 1 | W10: =IF((I10+J10+K10+L10+V10)=5,1,0) -> 1 | X10: =U10*W10 -> 0
B11: 8 | C11: 45758 | D11: 000000070123000 | E11: VWX | F11: 2022 | G11: NON RTLB | H11: 59727442 | I11: 1 | J11: 1 | K11: 1 | L11: 1 | M11: 1 | N11: 0 | O11: 0 | P11: 0 | Q11: 0 | R11: 1 | S11: 0 | T11: 1 | U11: 1 | V11: 1 | W11: =IF((I11+J11+K11+L11+V11)=5,1,0) -> 1 | X11: =U11*W11 -> 1
B12: 9 | C12: 45772 | D12: 000000080123000 | E12: YZA | F12: 2021 | G12: NON RTLB | H12: 60375470 | I12: 1 | J12: 1 | K12: 1 | L12: 1 | M12: 1 | N12: 1 | O12: 1 | P12: 1 | Q12: 1 | R12: 0 | S12: 1 | T12: 0 | U12: 1 | V12: 1 | W12: =IF((I12+J12+K12+L12+V12)=5,1,0) -> 1 | X12: =U12*W12 -> 1
B13: 10 | C13: 45786 | D13: 000000090123000 | E13: AAA | F13: 2023 | G13: NON RTLB | H13: 61037547 | I13: 1 | J13: 1 | K13: 1 | L13: 1 | M13: 1 | N13: 0 | O13: 0 | P13: 0 | Q13: 0 | R13: 0 | S13: 0 | T13: 1 | U13: 0.75 | V13: 1 | W13: =IF((I13+J13+K13+L13+V13)=5,1,0) -> 1 | X13: =U13*W13 -> 0.75
B14: 11 | C14: 45793 | D14: 000000100123000 | E14: BBB | F14: 2021 | G14: NON RTLB | H14: 61714130 | I14: 1 | J14: 1 | K14: 1 | L14: 1 | M14: 1 | N14: 0 | O14: 0 | P14: 0 | Q14: 0 | R14: 0 | S14: 0 | T14: 1 | U14: 1 | V14: 1 | W14: =IF((I14+J14+K14+L14+V14)=5,1,0) -> 1 | X14: =U14*W14 -> 1
B15: 12 | C15: 45793 | D15: 000000110123000 | E15: CCC | F15: 2020 | G15: RTLB | H15: -62405696 | I15: 1 | J15: 1 | K15: 1 | L15: 1 | M15: 1 | N15: 0 | O15: 0 | P15: 0 | Q15: 0 | R15: 0 | S15: 1 | T15: 1 | U15: 1 | V15: 1 | W15: =IF((I15+J15+K15+L15+V15)=5,1,0) -> 1 | X15: =U15*W15 -> 1
... B23: 20 | C23: 45905 | D23: 000000180123000 | E23: STU | F23: 2021 | G23: NON RTLB | H23: 68542168 | I23: 1 | J23: 1 | K23: 1 | L23: 1 | M23: 1 | N23: 0 | O23: 0 | P23: 0 | Q23: 0 | R23: 1 | S23: 0 | T23: 1 | U23: 1 | V23: 1 | W23: =IF((I23+J23+K23+L23+V23)=5,1,0) -> 1 | X23: =U23*W23 -> 1
B25: Keterangan:
B26: 1 = Ada
B27: 0 = Tidak ada

Sheet B. Komponen Kualitas
B2: No | C2: TANGGAL | D2: NPWP | E2: NAMA WP | F2: TAHUN PAJAK | G2: STATUS SPT | H2: POTENSI TAMBAHAN | I2: PESERTA | M2: SUBKOMPONEN ANALISIS | V2: Bobot Kegiatan | W2: Validasi Potensi Tambahan | X2: Validasi Status Lengkap | Y2: Validasi Subkomponen Kualitas | BA2: Realisasi Kualitas
I3: AR PENGAMPU | J3: KASI WAS PENGAMPU | K3: SPV FPP | L3: 2 PESERTA LAINNYA | M3: ALK | N3: TP | O3: MIRRORING | P3: WP GRUP | Q3: PENILAIAN | R3: DATA EKSTERNAL | S3: RTLB | T3: DATA VISIT | U3: ALKET | Y3: Masuk DPP | AB3: =M3 -> ALK | AE3: =N3 -> TP | AH3: =O3 -> MIRRORING | AK3: =P3 -> WP GRUP | AN3: =Q3 -> PENILAIAN | AQ3: =R3 -> DATA EKSTERNAL | AT3: =T3 -> DATA VISIT | AW3: =U3 -> ALKET | AZ3: Total Skor
Y4: Jumlah | Z4: Skor | AA4: Total Skor | AB4: Jumlah | AC4: Skor | AD4: Total Skor | AE4: Jumlah | AF4: Skor | AG4: Total Skor | AH4: Jumlah | AI4: Skor | AJ4: Total Skor | AK4: Jumlah | AL4: Skor | AM4: Total Skor | AN4: Jumlah | AO4: Skor | AP4: Total Skor | AQ4: Jumlah | AR4: Skor | AS4: Total Skor | AT4: Jumlah | AU4: Skor | AV4: Total Skor | AW4: Jumlah | AX4: Skor | AY4: Total Skor
B5: 1 | C5: 45667 | D5: 000000010123000 | E5: ABC | F5: 2021 | G5: NON RTLB | H5: 55000000 | I5: 1 | J5: 1 | K5: 1 | L5: 1 | M5: 1 | N5: 0 | O5: 1 | P5: 0 | Q5: 0 | R5: 0 | S5: 0 | T5: 1 | U5: 1 | V5: 1 | W5: 1 | X5: =IF((I5+J5+K5+L5+W5)=5,1,0) -> 1 | Y5: 1 | Z5: =Ref!$F$3 -> 0.6 | AA5: =Y5*Z5 -> 0.6 | AB5: =M5 -> 1 | AC5: =Ref!$F$4 -> 0.2 | AD5: =AB5*AC5 -> 0.2 | AE5: =N5 -> 0 | AF5: =Ref!$F$5 -> 0.4 | AG5: =AE5*AF5 -> 0 | AH5: =O5 -> 1 | AI5: =Ref!$F$6 -> 0.1 | AJ5: =AH5*AI5 -> 0.1 | AK5: =P5 -> 0 | AL5: =Ref!$F$7 -> 0.4 | AM5: =AK5*AL5 -> 0 | AN5: =Q5 -> 0 | AO5: =Ref!$F$8 -> 0.15 | AP5: =AN5*AO5 -> 0 | AQ5: =R5 -> 0 | AR5: =Ref!$F$9 -> 0.1 | AS5: =AQ5*AR5 -> 0 | AT5: =T5 -> 1 | AU5: =Ref!$F$10 -> 0.2 | AV5: =AT5*AU5 -> 0.2 | AW5: =U5 -> 1 | AX5: =Ref!$F$11 -> 0.15 | AY5: =AW5*AX5 -> 0.15 | AZ5: =AA5+AD5+AG5+AJ5+AM5+AP5+AS5+AV5+AY5 -> 1.25 | BA5: =V5*X5*AZ5 -> 1.25
B6: 2 | C6: 45681 | D6: 000000020123000 | E6: DEF | F6: 2022 | G6: NON RTLB | H6: 46100000 | I6: 1 | J6: 1 | K6: 1 | L6: 1 | M6: 1 | N6: 1 | O6: 0 | P6: 0 | Q6: 0 | R6: 0 | S6: 0 | T6: 1 | U6: 1 | V6: 1 | W6: 0 | X6: =IF((I6+J6+K6+L6+W6)=5,1,0) -> 0 | Y6: 1 | Z6: =Ref!$F$3 -> 0.6 | AA6: =Y6*Z6 -> 0.6 | AB6: =M6 -> 1 | AC6: =Ref!$F$4 -> 0.2 | AD6: =AB6*AC6 -> 0.2 | AE6: =N6 -> 1 | AF6: =Ref!$F$5 -> 0.4 | AG6: =AE6*AF6 -> 0.4 | AH6: =O6 -> 0 | AI6: =Ref!$F$6 -> 0.1 | AJ6: =AH6*AI6 -> 0 | AK6: =P6 -> 0 | AL6: =Ref!$F$7 -> 0.4 | AM6: =AK6*AL6 -> 0 | AN6: =Q6 -> 0 | AO6: =Ref!$F$8 -> 0.15 | AP6: =AN6*AO6 -> 0 | AQ6: =R6 -> 0 | AR6: =Ref!$F$9 -> 0.1 | AS6: =AQ6*AR6 -> 0 | AT6: =T6 -> 1 | AU6: =Ref!$F$10 -> 0.2 | AV6: =AT6*AU6 -> 0.2 | AW6: =U6 -> 1 | AX6: =Ref!$F$11 -> 0.15 | AY6: =AW6*AX6 -> 0.15 | AZ6: =AA6+AD6+AG6+AJ6+AM6+AP6+AS6+AV6+AY6 -> 1.55 | BA6: =V6*X6*AZ6 -> 0
B7: 3 | C7: 45702 | D7: 000000030123000 | E7: GHI | F7: 2020 | G7: RTLB | H7: -56683000 | I7: 1 | J7: 1 | K7: 1 | L7: 1 | M7: 1 | N7: 0 | O7: 0 | P7: 0 | Q7: 0 | R7: 1 | S7: 1 | T7: 1 | U7: 1 | V7: 1 | W7: 1 | X7: =IF((I7+J7+K7+L7+W7)=5,1,0) -> 1 | Y7: 0 | Z7: =Ref!$F$3 -> 0.6 | AA7: =Y7*Z7 -> 0 | AB7: =M7 -> 1 | AC7: =Ref!$F$4 -> 0.2 | AD7: =AB7*AC7 -> 0.2 | AE7: =N7 -> 0 | AF7: =Ref!$F$5 -> 0.4 | AG7: =AE7*AF7 -> 0 | AH7: =O7 -> 0 | AI7: =Ref!$F$6 -> 0.1 | AJ7: =AH7*AI7 -> 0 | AK7: =P7 -> 0 | AL7: =Ref!$F$7 -> 0.4 | AM7: =AK7*AL7 -> 0 | AN7: =Q7 -> 0 | AO7: =Ref!$F$8 -> 0.15 | AP7: =AN7*AO7 -> 0 | AQ7: =R7 -> 1 | AR7: =Ref!$F$9 -> 0.1 | AS7: =AQ7*AR7 -> 0.1 | AT7: =T7 -> 1 | AU7: =Ref!$F$10 -> 0.2 | AV7: =AT7*AU7 -> 0.2 | AW7: =U7 -> 1 | AX7: =Ref!$F$11 -> 0.15 | AY7: =AW7*AX7 -> 0.15 | AZ7: =AA7+AD7+AG7+AJ7+AM7+AP7+AS7+AV7+AY7 -> 0.65 | BA7: =V7*X7*AZ7 -> 0.65
B8: 4 | C8: 45709 | D8: 000000040123000 | E8: JKL | F8: 2021 | G8: NON RTLB | H8: 57267320 | I8: 1 | J8: 1 | K8: 1 | L8: 1 | M8: 1 | N8: 0 | O8: 1 | P8: 0 | Q8: 0 | R8: 0 | S8: 0 | T8: 0 | U8: 0 | V8: 1 | W8: 1 | X8: =IF((I8+J8+K8+L8+W8)=5,1,0) -> 1 | Y8: 1 | Z8: =Ref!$F$3 -> 0.6 | AA8: =Y8*Z8 -> 0.6 | AB8: =M8 -> 1 | AC8: =Ref!$F$4 -> 0.2 | AD8: =AB8*AC8 -> 0.2 | AE8: =N8 -> 0 | AF8: =Ref!$F$5 -> 0.4 | AG8: =AE8*AF8 -> 0 | AH8: =O8 -> 1 | AI8: =Ref!$F$6 -> 0.1 | AJ8: =AH8*AI8 -> 0.1 | AK8: =P8 -> 0 | AL8: =Ref!$F$7 -> 0.4 | AM8: =AK8*AL8 -> 0 | AN8: =Q8 -> 0 | AO8: =Ref!$F$8 -> 0.15 | AP8: =AN8*AO8 -> 0 | AQ8: =R8 -> 0 | AR8: =Ref!$F$9 -> 0.1 | AS8: =AQ8*AR8 -> 0 | AT8: =T8 -> 0 | AU8: =Ref!$F$10 -> 0.2 | AV8: =AT8*AU8 -> 0 | AW8: =U8 -> 0 | AX8: =Ref!$F$11 -> 0.15 | AY8: =AW8*AX8 -> 0 | AZ8: =AA8+AD8+AG8+AJ8+AM8+AP8+AS8+AV8+AY8 -> 0.9 | BA8: =V8*X8*AZ8 -> 0.9
B9: 5 | C9: 45723 | D9: 000000050123000 | E9: MNO | F9: 2021 | G9: NON RTLB | H9: 57863366 | I9: 1 | J9: 1 | K9: 1 | L9: 1 | M9: 1 | N9: 0 | O9: 0 | P9: 0 | Q9: 0 | R9: 1 | S9: 0 | T9: 1 | U9: 1 | V9: 1 | W9: 1 | X9: =IF((I9+J9+K9+L9+W9)=5,1,0) -> 1 | Y9: 1 | Z9: =Ref!$F$3 -> 0.6 | AA9: =Y9*Z9 -> 0.6 | AB9: =M9 -> 1 | AC9: =Ref!$F$4 -> 0.2 | AD9: =AB9*AC9 -> 0.2 | AE9: =N9 -> 0 | AF9: =Ref!$F$5 -> 0.4 | AG9: =AE9*AF9 -> 0 | AH9: =O9 -> 0 | AI9: =Ref!$F$6 -> 0.1 | AJ9: =AH9*AI9 -> 0 | AK9: =P9 -> 0 | AL9: =Ref!$F$7 -> 0.4 | AM9: =AK9*AL9 -> 0 | AN9: =Q9 -> 0 | AO9: =Ref!$F$8 -> 0.15 | AP9: =AN9*AO9 -> 0 | AQ9: =R9 -> 1 | AR9: =Ref!$F$9 -> 0.1 | AS9: =AQ9*AR9 -> 0.1 | AT9: =T9 -> 1 | AU9: =Ref!$F$10 -> 0.2 | AV9: =AT9*AU9 -> 0.2 | AW9: =U9 -> 1 | AX9: =Ref!$F$11 -> 0.15 | AY9: =AW9*AX9 -> 0.15 | AZ9: =AA9+AD9+AG9+AJ9+AM9+AP9+AS9+AV9+AY9 -> 1.25 | BA9: =V9*X9*AZ9 -> 1.25
B10: 6 | C10: 45737 | D10: 000000060123000 | E10: PQR | F10: 2022 | G10: NON RTLB | H10: 58471802 | I10: 1 | J10: 1 | K10: 1 | L10: 1 | M10: 1 | N10: 0 | O10: 0 | P10: 0 | Q10: 0 | R10: 0 | S10: 0 | T10: 0 | U10: 1 | V10: 1 | W10: 1 | X10: =IF((I10+J10+K10+L10+W10)=5,1,0) -> 1 | Y10: 1 | Z10: =Ref!$F$3 -> 0.6 | AA10: =Y10*Z10 -> 0.6 | AB10: =M10 -> 1 | AC10: =Ref!$F$4 -> 0.2 | AD10: =AB10*AC10 -> 0.2 | AE10: =N10 -> 0 | AF10: =Ref!$F$5 -> 0.4 | AG10: =AE10*AF10 -> 0 | AH10: =O10 -> 0 | AI10: =Ref!$F$6 -> 0.1 | AJ10: =AH10*AI10 -> 0 | AK10: =P10 -> 0 | AL10: =Ref!$F$7 -> 0.4 | AM10: =AK10*AL10 -> 0 | AN10: =Q10 -> 0 | AO10: =Ref!$F$8 -> 0.15 | AP10: =AN10*AO10 -> 0 | AQ10: =R10 -> 0 | AR10: =Ref!$F$9 -> 0.1 | AS10: =AQ10*AR10 -> 0 | AT10: =T10 -> 0 | AU10: =Ref!$F$10 -> 0.2 | AV10: =AT10*AU10 -> 0 | AW10: =U10 -> 1 | AX10: =Ref!$F$11 -> 0.15 | AY10: =AW10*AX10 -> 0.15 | AZ10: =AA10+AD10+AG10+AJ10+AM10+AP10+AS10+AV10+AY10 -> 0.95 | BA10: =V10*X10*AZ10 -> 0.95
B11: 7 | C11: 45758 | D11: 000000060123000 | E11: PQR | F11: 2022 | G11: NON RTLB | H11: 59093026 | I11: 1 | J11: 1 | K11: 1 | L11: 1 | M11: 1 | N11: 0 | O11: 0 | P11: 0 | Q11: 0 | R11: 0 | S11: 0 | T11: 0 | U11: 1 | V11: 0 | W11: 1 | X11: =IF((I11+J11+K11+L11+W11)=5,1,0) -> 1 | Y11: 1 | Z11: =Ref!$F$3 -> 0.6 | AA11: =Y11*Z11 -> 0.6 | AB11: =M11 -> 1 | AC11: =Ref!$F$4 -> 0.2 | AD11: =AB11*AC11 -> 0.2 | AE11: =N11 -> 0 | AF11: =Ref!$F$5 -> 0.4 | AG11: =AE11*AF11 -> 0 | AH11: =O11 -> 0 | AI11: =Ref!$F$6 -> 0.1 | AJ11: =AH11*AI11 -> 0 | AK11: =P11 -> 0 | AL11: =Ref!$F$7 -> 0.4 | AM11: =AK11*AL11 -> 0 | AN11: =Q11 -> 0 | AO11: =Ref!$F$8 -> 0.15 | AP11: =AN11*AO11 -> 0 | AQ11: =R11 -> 0 | AR11: =Ref!$F$9 -> 0.1 | AS11: =AQ11*AR11 -> 0 | AT11: =T11 -> 0 | AU11: =Ref!$F$10 -> 0.2 | AV11: =AT11*AU11 -> 0 | AW11: =U11 -> 1 | AX11: =Ref!$F$11 -> 0.15 | AY11: =AW11*AX11 -> 0.15 | AZ11: =AA11+AD11+AG11+AJ11+AM11+AP11+AS11+AV11+AY11 -> 0.95 | BA11: =V11*X11*AZ11 -> 0
B12: 8 | C12: 45758 | D12: 000000070123000 | E12: VWX | F12: 2022 | G12: NON RTLB | H12: 59727442 | I12: 1 | J12: 1 | K12: 1 | L12: 1 | M12: 1 | N12: 0 | O12: 0 | P12: 0 | Q12: 0 | R12: 1 | S12: 0 | T12: 0 | U12: 1 | V12: 1 | W12: 1 | X12: =IF((I12+J12+K12+L12+W12)=5,1,0) -> 1 | Y12: 1 | Z12: =Ref!$F$3 -> 0.6 | AA12: =Y12*Z12 -> 0.6 | AB12: =M12 -> 1 | AC12: =Ref!$F$4 -> 0.2 | AD12: =AB12*AC12 -> 0.2 | AE12: =N12 -> 0 | AF12: =Ref!$F$5 -> 0.4 | AG12: =AE12*AF12 -> 0 | AH12: =O12 -> 0 | AI12: =Ref!$F$6 -> 0.1 | AJ12: =AH12*AI12 -> 0 | AK12: =P12 -> 0 | AL12: =Ref!$F$7 -> 0.4 | AM12: =AK12*AL12 -> 0 | AN12: =Q12 -> 0 | AO12: =Ref!$F$8 -> 0.15 | AP12: =AN12*AO12 -> 0 | AQ12: =R12 -> 1 | AR12: =Ref!$F$9 -> 0.1 | AS12: =AQ12*AR12 -> 0.1 | AT12: =T12 -> 0 | AU12: =Ref!$F$10 -> 0.2 | AV12: =AT12*AU12 -> 0 | AW12: =U12 -> 1 | AX12: =Ref!$F$11 -> 0.15 | AY12: =AW12*AX12 -> 0.15 | AZ12: =AA12+AD12+AG12+AJ12+AM12+AP12+AS12+AV12+AY12 -> 1.05 | BA12: =V12*X12*AZ12 -> 1.05
B13: 9 | C13: 45772 | D13: 000000080123000 | E13: YZA | F13: 2021 | G13: NON RTLB | H13: 60375470 | I13: 1 | J13: 1 | K13: 1 | L13: 1 | M13: 1 | N13: 1 | O13: 1 | P13: 1 | Q13: 1 | R13: 0 | S13: 0 | T13: 1 | U13: 0 | V13: 1 | W13: 1 | X13: =IF((I13+J13+K13+L13+W13)=5,1,0) -> 1 | Y13: 1 | Z13: =Ref!$F$3 -> 0.6 | AA13: =Y13*Z13 -> 0.6 | AB13: =M13 -> 1 | AC13: =Ref!$F$4 -> 0.2 | AD13: =AB13*AC13 -> 0.2 | AE13: =N13 -> 1 | AF13: =Ref!$F$5 -> 0.4 | AG13: =AE13*AF13 -> 0.4 | AH13: =O13 -> 1 | AI13: =Ref!$F$6 -> 0.1 | AJ13: =AH13*AI13 -> 0.1 | AK13: =P13 -> 1 | AL13: =Ref!$F$7 -> 0.4 | AM13: =AK13*AL13 -> 0.4 | AN13: =Q13 -> 1 | AO13: =Ref!$F$8 -> 0.15 | AP13: =AN13*AO13 -> 0.15 | AQ13: =R13 -> 0 | AR13: =Ref!$F$9 -> 0.1 | AS13: =AQ13*AR13 -> 0 | AT13: =T13 -> 1 | AU13: =Ref!$F$10 -> 0.2 | AV13: =AT13*AU13 -> 0.2 | AW13: =U13 -> 0 | AX13: =Ref!$F$11 -> 0.15 | AY13: =AW13*AX13 -> 0 | AZ13: =AA13+AD13+AG13+AJ13+AM13+AP13+AS13+AV13+AY13 -> 2.05 | BA13: =V13*X13*AZ13 -> 2.05
B14: 10 | C14: 45786 | D14: 000000090123000 | E14: AAA | F14: 2023 | G14: NON RTLB | H14: 61037547 | I14: 1 | J14: 1 | K14: 1 | L14: 1 | M14: 1 | N14: 0 | O14: 0 | P14: 0 | Q14: 0 | R14: 0 | S14: 0 | T14: 0 | U14: 1 | V14: 0.75 | W14: 1 | X14: =IF((I14+J14+K14+L14+W14)=5,1,0) -> 1 | Y14: 1 | Z14: =Ref!$F$3 -> 0.6 | AA14: =Y14*Z14 -> 0.6 | AB14: =M14 -> 1 | AC14: =Ref!$F$4 -> 0.2 | AD14: =AB14*AC14 -> 0.2 | AE14: =N14 -> 0 | AF14: =Ref!$F$5 -> 0.4 | AG14: =AE14*AF14 -> 0 | AH14: =O14 -> 0 | AI14: =Ref!$F$6 -> 0.1 | AJ14: =AH14*AI14 -> 0 | AK14: =P14 -> 0 | AL14: =Ref!$F$7 -> 0.4 | AM14: =AK14*AL14 -> 0 | AN14: =Q14 -> 0 | AO14: =Ref!$F$8 -> 0.15 | AP14: =AN14*AO14 -> 0 | AQ14: =R14 -> 0 | AR14: =Ref!$F$9 -> 0.1 | AS14: =AQ14*AR14 -> 0 | AT14: =T14 -> 0 | AU14: =Ref!$F$10 -> 0.2 | AV14: =AT14*AU14 -> 0 | AW14: =U14 -> 1 | AX14: =Ref!$F$11 -> 0.15 | AY14: =AW14*AX14 -> 0.15 | AZ14: =AA14+AD14+AG14+AJ14+AM14+AP14+AS14+AV14+AY14 -> 0.95 | BA14: =V14*X14*AZ14 -> 0.7125
B15: 11 | C15: 45793 | D15: 000000100123000 | E15: BBB | F15: 2021 | G15: NON RTLB | H15: 61714130 | I15: 1 | J15: 1 | K15: 1 | L15: 1 | M15: 1 | N15: 0 | O15: 0 | P15: 0 | Q15: 0 | R15: 0 | S15: 0 | T15: 0 | U15: 1 | V15: 1 | W15: 1 | X15: =IF((I15+J15+K15+L15+W15)=5,1,0) -> 1 | Y15: 1 | Z15: =Ref!$F$3 -> 0.6 | AA15: =Y15*Z15 -> 0.6 | AB15: =M15 -> 1 | AC15: =Ref!$F$4 -> 0.2 | AD15: =AB15*AC15 -> 0.2 | AE15: =N15 -> 0 | AF15: =Ref!$F$5 -> 0.4 | AG15: =AE15*AF15 -> 0 | AH15: =O15 -> 0 | AI15: =Ref!$F$6 -> 0.1 | AJ15: =AH15*AI15 -> 0 | AK15: =P15 -> 0 | AL15: =Ref!$F$7 -> 0.4 | AM15: =AK15*AL15 -> 0 | AN15: =Q15 -> 0 | AO15: =Ref!$F$8 -> 0.15 | AP15: =AN15*AO15 -> 0 | AQ15: =R15 -> 0 | AR15: =Ref!$F$9 -> 0.1 | AS15: =AQ15*AR15 -> 0 | AT15: =T15 -> 0 | AU15: =Ref!$F$10 -> 0.2 | AV15: =AT15*AU15 -> 0 | AW15: =U15 -> 1 | AX15: =Ref!$F$11 -> 0.15 | AY15: =AW15*AX15 -> 0.15 | AZ15: =AA15+AD15+AG15+AJ15+AM15+AP15+AS15+AV15+AY15 -> 0.95 | BA15: =V15*X15*AZ15 -> 0.95
B16: 12 | C16: 45793 | D16: 000000110123000 | E16: CCC | F16: 2020 | G16: RTLB | H16: -62405696 | I16: 1 | J16: 1 | K16: 1 | L16: 1 | M16: 1 | N16: 0 | O16: 0 | P16: 0 | Q16: 0 | R16: 0 | S16: 1 | T16: 1 | U16: 1 | V16: 1 | W16: 1 | X16: =IF((I16+J16+K16+L16+W16)=5,1,0) -> 1 | Y16: 0 | Z16: =Ref!$F$3 -> 0.6 | AA16: =Y16*Z16 -> 0 | AB16: =M16 -> 1 | AC16: =Ref!$F$4 -> 0.2 | AD16: =AB16*AC16 -> 0.2 | AE16: =N16 -> 0 | AF16: =Ref!$F$5 -> 0.4 | AG16: =AE16*AF16 -> 0 | AH16: =O16 -> 0 | AI16: =Ref!$F$6 -> 0.1 | AJ16: =AH16*AI16 -> 0 | AK16: =P16 -> 0 | AL16: =Ref!$F$7 -> 0.4 | AM16: =AK16*AL16 -> 0 | AN16: =Q16 -> 0 | AO16: =Ref!$F$8 -> 0.15 | AP16: =AN16*AO16 -> 0 | AQ16: =R16 -> 0 | AR16: =Ref!$F$9 -> 0.1 | AS16: =AQ16*AR16 -> 0 | AT16: =T16 -> 1 | AU16: =Ref!$F$10 -> 0.2 | AV16: =AT16*AU16 -> 0.2 | AW16: =U16 -> 1 | AX16: =Ref!$F$11 -> 0.15 | AY16: =AW16*AX16 -> 0.15 | AZ16: =AA16+AD16+AG16+AJ16+AM16+AP16+AS16+AV16+AY16 -> 0.55 | BA16: =V16*X16*AZ16 -> 0.55
... B24: 20 | C24: 45905 | D24: 000000180123000 | E24: STU | F24: 2021 | G24: NON RTLB | H24: 68542168 | I24: 1 | J24: 1 | K24: 1 | L24: 1 | M24: 1 | N24: 0 | O24: 0 | P24: 0 | Q24: 0 | R24: 1 | S24: 0 | T24: 0 | U24: 1 | V24: 1 | W24: 1 | X24: =IF((I24+J24+K24+L24+W24)=5,1,0) -> 1 | Y24: 1 | Z24: =Ref!$F$3 -> 0.6 | AA24: =Y24*Z24 -> 0.6 | AB24: =M24 -> 1 | AC24: =Ref!$F$4 -> 0.2 | AD24: =AB24*AC24 -> 0.2 | AE24: =N24 -> 0 | AF24: =Ref!$F$5 -> 0.4 | AG24: =AE24*AF24 -> 0 | AH24: =O24 -> 0 | AI24: =Ref!$F$6 -> 0.1 | AJ24: =AH24*AI24 -> 0 | AK24: =P24 -> 0 | AL24: =Ref!$F$7 -> 0.4 | AM24: =AK24*AL24 -> 0 | AN24: =Q24 -> 0 | AO24: =Ref!$F$8 -> 0.15 | AP24: =AN24*AO24 -> 0 | AQ24: =R24 -> 1 | AR24: =Ref!$F$9 -> 0.1 | AS24: =AQ24*AR24 -> 0.1 | AT24: =T24 -> 0 | AU24: =Ref!$F$10 -> 0.2 | AV24: =AT24*AU24 -> 0 | AW24: =U24 -> 1 | AX24: =Ref!$F$11 -> 0.15 | AY24: =AW24*AX24 -> 0.15 | AZ24: =AA24+AD24+AG24+AJ24+AM24+AP24+AS24+AV24+AY24 -> 1.05 | BA24: =V24*X24*AZ24 -> 1.05
B26: Keterangan:
B27: 1 = Ada
B28: 0 = Tidak ada

Sheet C. Capaian IKU
B2: No | C2: Nama AR | E2: Komponen Kuantitas | H2: Komponen Kualitas | K2: Capaian IKU
D3: Target | E3: Realisasi | F3: Capaian (Maksimal 120%) | G3: Bobot (50%) | H3: Realisasi | I3: Capaian (Maksimal 120%) | J3: Bobot (50%)
B4: 1 | C4: 2 | D4: 3 | E4: 4 | F4: 5=4:3 | G4: 6 | H4: 7 | I4: 8=7:3 | J4: 11 | K4: 12=8+11
B5: 1 | C5: Mr IKU | D5: 3 | E5: =SUM('A. Komponen Kuantitas'!$X$4:$X$23) -> 16.5 | F5: =IF((E5/D5)>120%,120%,(E5/D5)) -> 1.2 | G5: =F5*50% -> 0.6 | H5: =SUM('B. Komponen Kualitas'!$BA$5:$BA$24) -> 18.1 | I5: =IF((H5/D5)>120%,120%,(H5/D5)) -> 1.2 | J5: =I5*50% -> 0.6 | K5: =J5+G5 -> 1.2
K14: 1
K16: 0.5
K18: 0.01

Sheet Ref
B2: No | C2: Subkomponen | D2: Skor | E2: Bobot | F2: Total Skor
B3: 1 | C3: Masuk DPP | D3: 3 | E3: 0.2 | F3: =D3*E3 -> 0.6
B4: 2 | C4: Analisis Laporan Keuangan | D4: 2 | E4: 0.1 | F4: =D4*E4 -> 0.2
B5: 3 | C5: Analisis Transfer Pricing | D5: 4 | E5: 0.1 | F5: =D5*E5 -> 0.4
B6: 4 | C6: Mirroring hasil Pemeriksaan, Keputusan Keberatan, Banding, dan/atau PK | D6: 1 | E6: 0.1 | F6: =D6*E6 -> 0.1
B7: 5 | C7: Analisis WP Grup | D7: 4 | E7: 0.1 | F7: =D7*E7 -> 0.4
B8: 6 | C8: Kolaborasi dengan Penilai | D8: 1.5 | E8: 0.1 | F8: =D8*E8 -> 0.15
B9: 7 | C9: Pemanfaatan Data Eksternal | D9: 1 | E9: 0.1 | F9: =D9*E9 -> 0.1
B10: 8 | C10: Analisis data & informasi dari hasil kunjungan ke Wajib Pajak | D10: 2 | E10: 0.1 | F10: =D10*E10 -> 0.2
B11: 9 | C11: Terdapat produksi alket untuk KPP lain | D11: 1.5 | E11: 0.1 | F11: =D11*E11 -> 0.15
B12: Total | D12: =SUM(D3:D11) -> 20 | E12: =SUM(E3:E11) -> 1 | F12: =ROUNDDOWN((SUM(F3:F11)),0) -> 2
